{
  "data": [
    {
      "id": "AJAX",
      "type": "glossaryTerm",
      "title": "AJAX",
      "attributes": {
        "text": "Asynchronous JavaScript and XML (known as AJAX) is a term that describes a new approach to using multiple technologies together in order to enable web applications to make quick updates to the user interface without reloading the entire browser page.\n",
        "tags": [
          "AJAX"
        ]
      },
      "meta": {
        "hash": "69b3cf5153fa3348e5863392fb2d0ee3c0c7caaf4f1006bbdb65fb8ea3b365af"
      }
    },
    {
      "id": "API",
      "type": "glossaryTerm",
      "title": "API",
      "attributes": {
        "text": "API stands for Application Programming Interface and is a set of features and rules provided by a provided by a software to enable third-party software to interact with it.\nThe code features of a web API usually include methods, properties, events or URLs.\n",
        "tags": [
          "API"
        ]
      },
      "meta": {
        "hash": "4a38caef0e8879fbe91f96c5d1f61c1628276502f4bb02da38ec79c75bd0e27a"
      }
    },
    {
      "id": "Argument",
      "type": "glossaryTerm",
      "title": "Argument",
      "attributes": {
        "text": "An argument is a value passed as an input to a function and can be either a primitive or an object.\nIn JavaScript, functions can also be passed as arguments to other functions.\n",
        "tags": [
          "Argument"
        ]
      },
      "meta": {
        "hash": "bb18f4bf7ba352a918752f5fae6c1838acba0c1a355d270e649b008e3e5be183"
      }
    },
    {
      "id": "Array",
      "type": "glossaryTerm",
      "title": "Array",
      "attributes": {
        "text": "Arrays are used to store multiple values in a single variable.\nArrays are ordered and each item in an array has a numeric index associated with it.\nJavaScript arrays are zero-indexed, meaning the first element's index is 0.\n",
        "tags": [
          "Array"
        ]
      },
      "meta": {
        "hash": "5a8b7e5f9ac56f1008cc87c308371c282d3122746f8908ff80dbc1cdae613ef3"
      }
    },
    {
      "id": "Asynchronous-programming",
      "type": "glossaryTerm",
      "title": "Asynchronous programming",
      "attributes": {
        "text": "Asynchronous programming is a way to allow multiple events to trigger code without waiting for each other.\nThe main benefits of asynchronous programming are improved application performance and responsiveness.\n",
        "tags": [
          "Asynchronous programming"
        ]
      },
      "meta": {
        "hash": "1a44acdc588be78c7c331704b9b4ab95b461eba5b55d70ebaae484b4cf625d6f"
      }
    },
    {
      "id": "Automatic-semicolon-insertion",
      "type": "glossaryTerm",
      "title": "Automatic semicolon insertion",
      "attributes": {
        "text": "Automatic semicolon insertion (ASI) is a JavaScript feature that allows developers to omit semicolons in their code.\n",
        "tags": [
          "Automatic semicolon insertion"
        ]
      },
      "meta": {
        "hash": "510b08853e3816e62aba98e3f824bec05b124e6d1b5919bfc09319b7e9486570"
      }
    },
    {
      "id": "Boolean",
      "type": "glossaryTerm",
      "title": "Boolean",
      "attributes": {
        "text": "Booleans are one of the primitive data types in JavaScript. \nThey represent logical data values and can only be `true` or `false`.\n",
        "tags": [
          "Boolean"
        ]
      },
      "meta": {
        "hash": "3f01c94cb306caf19a88b310c59fe7e488db661729afe6c100fba3c38be6e8a7"
      }
    },
    {
      "id": "Callback",
      "type": "glossaryTerm",
      "title": "Callback",
      "attributes": {
        "text": "A callback function, also known as a high-order function, is a function that is passed into another function as an argument, which is then executed inside the outer function.\nCallbacks can be synchronous or asynchronous.\n",
        "tags": [
          "Callback"
        ]
      },
      "meta": {
        "hash": "62b781aea272e769d6c92bd8daf99d99141af52462218727576ff207d341d65f"
      }
    },
    {
      "id": "Character-encoding",
      "type": "glossaryTerm",
      "title": "Character encoding",
      "attributes": {
        "text": "A character encoding defines a mapping between bytes and text, specifying how the sequenece of bytes should be interpreted.\nTwo commonly used character encodings are ASCII and UTF-8.\n",
        "tags": [
          "Character encoding"
        ]
      },
      "meta": {
        "hash": "9c638e81443d53eb1c59a3145716414105aed86ae4046772c63ff81bd4f605a1"
      }
    },
    {
      "id": "Class",
      "type": "glossaryTerm",
      "title": "Class",
      "attributes": {
        "text": "In object-oriented programming, a class is a template definition of an object's properties and methods.\n",
        "tags": [
          "Class"
        ]
      },
      "meta": {
        "hash": "e0c3dd77f0e3d05ed361dc491ab5fc81cb7d1be88e31e787e4bc45bd32171d2c"
      }
    },
    {
      "id": "Closure",
      "type": "glossaryTerm",
      "title": "Closure",
      "attributes": {
        "text": "A closure is the combination of a function and the lexical environment within which that function was declared.\nThe closure allows a function to access the contents of that environment.\n",
        "tags": [
          "Closure"
        ]
      },
      "meta": {
        "hash": "9c01b59507a6c71428df711d9089f92d8cb0b030356b061de8a4a6192bf39c93"
      }
    },
    {
      "id": "CoffeeScript",
      "type": "glossaryTerm",
      "title": "CoffeeScript",
      "attributes": {
        "text": "CoffeeScript is a programming language inspired by Ruby, Python and Haskell that transpiles to JavaScript.\n",
        "tags": [
          "CoffeeScript"
        ]
      },
      "meta": {
        "hash": "f1d55fd4b7da687507a0560f8878828a52a3b442d4462a344cea3324392ff66b"
      }
    },
    {
      "id": "Constant",
      "type": "glossaryTerm",
      "title": "Constant",
      "attributes": {
        "text": "A constant is a value, associated with an identifier.\nThe value of a constant can be accessed using the identifier and cannot be altered during execution.\n",
        "tags": [
          "Constant"
        ]
      },
      "meta": {
        "hash": "7c461f2980b6f1794518fd6b4b68166167fe912f8406144607c8da04d21908d7"
      }
    },
    {
      "id": "Constructor",
      "type": "glossaryTerm",
      "title": "Constructor",
      "attributes": {
        "text": "In class-based object-oriented programming, a constructor is a special type of function called to instantiate an object.\nConstructors often accept arguments that are commonly used to set member properties.\n",
        "tags": [
          "Constructor"
        ]
      },
      "meta": {
        "hash": "878d6b1ad8b17eebb1ac24969c4a4c269a65822a21c609221c3d96c7b989b108"
      }
    },
    {
      "id": "Continuous-Deployment",
      "type": "glossaryTerm",
      "title": "Continuous Deployment",
      "attributes": {
        "text": "Continuous Deployment follows the testing that happens during Continuous Integration and pushes changes to a staging or production system. \nContinuous Deployment ensures that a version of the codebase is accessible at all times.",
        "tags": [
          "Continuous Deployment"
        ]
      },
      "meta": {
        "hash": "2389500f32d8eead9e56735e78d7cc84a735b79f21ce87f902771e95290618f7"
      }
    },
    {
      "id": "Continuous-Integration",
      "type": "glossaryTerm",
      "title": "Continuous Integration",
      "attributes": {
        "text": "Continuous Integration (CI) is the practice of testing each change done to a codebase automatically and as early as possible.\nTwo popular CI systems that integrate with GitHub are Travis CI and Circle CI.",
        "tags": [
          "Continuous Integration"
        ]
      },
      "meta": {
        "hash": "5e494f687daab24e15c3853d0fccb90da6054f515f7cccd26801c6e0f38aaddc"
      }
    },
    {
      "id": "CORS",
      "type": "glossaryTerm",
      "title": "CORS",
      "attributes": {
        "text": "Cross-Origin Resource Sharing (known as CORS) is a mechanism that uses extra HTTP headers to tell a browser to let a web application running at one domain have permission to access resources from a server at a different domain.\n",
        "tags": [
          "CORS"
        ]
      },
      "meta": {
        "hash": "75d004b6c01c85c4ca20a4ffac0d859ba438f19319513e9f664ce3ce53abe699"
      }
    },
    {
      "id": "Cross-site-scripting-xss",
      "type": "glossaryTerm",
      "title": "Cross-site scripting (XSS)",
      "attributes": {
        "text": "XSS refers to client-side code injection where the attacker injects malicious scripts into a legitimate website or web application. \nThis is often achieved when the application does not validate user input and freely injects dynamic HTML content.\n",
        "tags": [
          "Cross-site scripting (XSS)"
        ]
      },
      "meta": {
        "hash": "ad0bd1bd6faba643e1ed7e5b1937a75209dffe5b995a4c19d57367c4311f836a"
      }
    },
    {
      "id": "CSS",
      "type": "glossaryTerm",
      "title": "CSS",
      "attributes": {
        "text": "CSS stands for Cascading Style Sheets and is a language used to style web pages.\nCSS documents are plaintext documents structured with rules, which consist of element selectors and property-value pairs that apply the styles to the specified selectors.\n",
        "tags": [
          "CSS"
        ]
      },
      "meta": {
        "hash": "fdbdbb8739e718f6be81222bda6e69e9f64f31ac786daa7d0a3118a145aee7f2"
      }
    },
    {
      "id": "CSV",
      "type": "glossaryTerm",
      "title": "CSV",
      "attributes": {
        "text": "CSV stands for Comma-Separated Values and is a storage format for tabular data.\nCSV documents are plaintext documents where each line represents a table row, with table columns separated by commas or some other delimiter (e.g. semicolons).\nThe first line of a CSV document sometimes consists of the table column headings for the data to follow.\n",
        "tags": [
          "CSV"
        ]
      },
      "meta": {
        "hash": "feee663243f2a5a800908ae230338d6b3c23f8b35b1c041be4e71c65123244bd"
      }
    },
    {
      "id": "Currying",
      "type": "glossaryTerm",
      "title": "Currying",
      "attributes": {
        "text": "Currying is a way of constructing functions that allows partial application of a function's arguments.\nPractically, this means that a function is broken down into a series of functions, each one accepting part of the arguments.\n",
        "tags": [
          "Currying"
        ]
      },
      "meta": {
        "hash": "964b862cd385b8c17273b7dc3a4621050cceb412a4e7840c3e279c55b983734b"
      }
    },
    {
      "id": "Deserialization",
      "type": "glossaryTerm",
      "title": "Deserialization",
      "attributes": {
        "text": "Deserialization is the process of converting a format that has been transferred over a network and/or used for storage to an object or data structure.\nA common type of deserialization in JavaScript is the conversion of JSON string into an object.\n",
        "tags": [
          "Deserialization"
        ]
      },
      "meta": {
        "hash": "9d60a691f67322c528e67a5d25fa97210117e7189e2a295bb400a91c1c5f7976"
      }
    },
    {
      "id": "DNS",
      "type": "glossaryTerm",
      "title": "DNS",
      "attributes": {
        "text": "A DNS (Domain Name System) translates domain names to the IP addresses needed to find a particular computer service on a network.\n",
        "tags": [
          "DNS"
        ]
      },
      "meta": {
        "hash": "8d465038cf1b0d10b1e13e87f1c62ca2b641f83dfcf52d6e15fc65c23017dc9e"
      }
    },
    {
      "id": "DOM",
      "type": "glossaryTerm",
      "title": "DOM",
      "attributes": {
        "text": "The DOM (Document Object Model) is a cross-platform API that treats HTML and XML documents as a tree structure consisting of nodes. \nThese nodes (such as elements and text nodes) are objects that can be programmatically manipulated and any visible changes made to them are reflected live in the document. \nIn a browser, this API is available to JavaScript where DOM nodes can be manipulated to change their styles, contents, placement in the document, or interacted with through event listeners.\n",
        "tags": [
          "DOM"
        ]
      },
      "meta": {
        "hash": "3fd8b63824d879f4b990a9fb67a60d733becda3ee74c2819f46515e563d19299"
      }
    },
    {
      "id": "Domain-name-registrar",
      "type": "glossaryTerm",
      "title": "Domain name registrar",
      "attributes": {
        "text": "A domain name registrar is a company that manages the reservation of internet domain names.\nA domain name registrar must be approved by a general top-level domain (gTLD) registry or a country code top-level domain (ccTLD) registry.\n",
        "tags": [
          "Domain name registrar"
        ]
      },
      "meta": {
        "hash": "ce222cb66f1299ffa59c08699cff464b5fb0daa8db3002007e8b8697f5ca5057"
      }
    },
    {
      "id": "Domain-name",
      "type": "glossaryTerm",
      "title": "Domain name",
      "attributes": {
        "text": "A domain name is a website's address on the Internet, used primarily in URLs to identify the server for each webpage.\nA domain name consists of a hierarchical sequence of names, separated by dots and ending with an extension.\n",
        "tags": [
          "Domain name"
        ]
      },
      "meta": {
        "hash": "0b478a7a88b2b463db686720064db6265b8b3161566815889ec6b00eb6e3ed20"
      }
    },
    {
      "id": "Element",
      "type": "glossaryTerm",
      "title": "Element",
      "attributes": {
        "text": "A JavaScript representation of a DOM element commonly returned by `document.querySelector()` and `document.createElement()`. \nThey are used when creating content with JavaScript for display in the DOM that needs to be programatically generated.\n",
        "tags": [
          "Element"
        ]
      },
      "meta": {
        "hash": "9ce0565b0108631bea1187d52c5423320eb4833e1de33b223083be9b877eede8"
      }
    },
    {
      "id": "ES6",
      "type": "glossaryTerm",
      "title": "ES6",
      "attributes": {
        "text": "ES6 stands for ECMAScript 6 (also known as ECMAScript 2015), a version of the ECMAScript specification that standardizes JavaScript.\nES6 adds a wide variety of new features to the specification, such as classes, promises, generators and arrow functions.\n",
        "tags": [
          "ES6"
        ]
      },
      "meta": {
        "hash": "0e3ebc232de61abfd21f7017ed3be1bc877437f26ae4a5df2284c9d1c0e6acf9"
      }
    },
    {
      "id": "Event-driven-programming",
      "type": "glossaryTerm",
      "title": "Event-driven programming",
      "attributes": {
        "text": "Event-driven programming is a programming paradigm in which the flow of the program is determined by events (e.g. user actions, thread messages, sensor outputs).\nIn event-driven applications, there is usually a main loop that listens for events and trigger callback functions accordingly when one of these events is detected.\n",
        "tags": [
          "Event-driven programming"
        ]
      },
      "meta": {
        "hash": "9c65cdbdb985a10049eb1de1402c316d257c5b667f625f0fc04a87cd4fdd32ac"
      }
    },
    {
      "id": "Event-loop",
      "type": "glossaryTerm",
      "title": "Event loop",
      "attributes": {
        "text": "The event loop handles all asynchronous callbacks. \nCallbacks are queued in a loop, while other code runs, and will run one by one when the response for each one has been received.\nThe event loop allows JavaScript to perform non-blocking I/O operations, despite the fact that JavaScript is single-threaded.\n",
        "tags": [
          "Event loop"
        ]
      },
      "meta": {
        "hash": "e3f7c2a5f8b2dab4bb5bc1cf04658e8b506825c9624fa260d82f797fc02e7c78"
      }
    },
    {
      "id": "Express",
      "type": "glossaryTerm",
      "title": "Express",
      "attributes": {
        "text": "Express is a backend framework, that provides a layer of fundamental web application features for Node.js.\nSome of its key features are routing, middleware, template engines and error handling.\n",
        "tags": [
          "Express"
        ]
      },
      "meta": {
        "hash": "29cee59e219e12f9e91bb3e6b9e80b019fed963913cd070ac7e1f7cfab842ef1"
      }
    },
    {
      "id": "Factory-functions",
      "type": "glossaryTerm",
      "title": "Factory functions",
      "attributes": {
        "text": "In JavaScript, a factory function is any function, which is not a class or constructor, that returns a new object.\nFactory functions don't require the use of the `new` keyword.\n",
        "tags": [
          "Factory functions"
        ]
      },
      "meta": {
        "hash": "a0c1c7de7ccb443a0430390da1004789762a4f9e6979cb9071f950897fa8e9d4"
      }
    },
    {
      "id": "First-class-function",
      "type": "glossaryTerm",
      "title": "First-class function",
      "attributes": {
        "text": "A programming language is said to have first-class functions if it treats them as first-class citizens, meaning they can be passed as arguments, be returned as values from other functions, be assigned to variables and stored in data structures.",
        "tags": [
          "First-class function"
        ]
      },
      "meta": {
        "hash": "499e7946c147d07e0a7dfa72334f89a36964f328929ec3b173f830b0bdc9a4da"
      }
    },
    {
      "id": "Flexbox",
      "type": "glossaryTerm",
      "title": "Flexbox",
      "attributes": {
        "text": "Flexbox is a one-dimensional layout model used to style websites as a property that could advance space distribution between items and provide powerful alignment capabilities.\n",
        "tags": [
          "Flexbox"
        ]
      },
      "meta": {
        "hash": "be1cc6d8fee2ab876af349d5d99bb1fc1a4cb7884fecbb9191d3d9e60d90a703"
      }
    },
    {
      "id": "Function",
      "type": "glossaryTerm",
      "title": "Function",
      "attributes": {
        "text": "Functions are self-contained blocks of code with their own scope, that can be called by other code and are usually associated with a unique identifier.\nFunctions accept input in the form of arguments and can optionally return an output (if no `return` statement is present, the default value of `undefined` will be returned instead). \nJavaScript functions are also objects.\n",
        "tags": [
          "Function"
        ]
      },
      "meta": {
        "hash": "12712370bee0ffd535998408f9977b94ac762fa6ff6b12e9b86359e14150c7af"
      }
    },
    {
      "id": "Functional-programming",
      "type": "glossaryTerm",
      "title": "Functional programming",
      "attributes": {
        "text": "Functional programming is a paradigm in which programs are built in a declarative manner using pure functions that avoid shared state and mutable data. \nFunctions that always return the same value for the same input and don't produce side effects are the pillar of functional programming.\n",
        "tags": [
          "Functional programming"
        ]
      },
      "meta": {
        "hash": "d774609fa3ba6788d4bacd501f6e658a7afca91526e04dd5a619cf3d30badee4"
      }
    },
    {
      "id": "Functor",
      "type": "glossaryTerm",
      "title": "Functor",
      "attributes": {
        "text": "A Functor is a data type common in functional programming that implements a `map` method. \nThe `map` method takes a function and applies it to the data in the Functor, returning a new instance of the Functor with the result.\nJavaScript `Array`s are an example of the Functor data type.\n",
        "tags": [
          "Functor"
        ]
      },
      "meta": {
        "hash": "389aaf215eaa534d4625d1aa6aba1e047ca4e7ef1241b4129867fa4e13438cbc"
      }
    },
    {
      "id": "Garbage-collection",
      "type": "glossaryTerm",
      "title": "Garbage collection",
      "attributes": {
        "text": "Garbage collection is a form of automatic memory management.\nIt attempts to reclaim memory occupied by objects that are no longer used by the program.\n",
        "tags": [
          "Garbage collection"
        ]
      },
      "meta": {
        "hash": "3c3a3376420cf16156ce79e62ea70363fd37710ea62490264bd851fed227cb6c"
      }
    },
    {
      "id": "Git",
      "type": "glossaryTerm",
      "title": "Git",
      "attributes": {
        "text": "Git is an open-source version control system, used for source code management.\nGit allows users to copy (clone) and edit code on their local machines, before merging it into the main code base (master repository).\n",
        "tags": [
          "Git"
        ]
      },
      "meta": {
        "hash": "25d2b0e1f222f102acdcfdedabfeec8f04b40ff808b61ce047de16f184484fa2"
      }
    },
    {
      "id": "Higher-order-function",
      "type": "glossaryTerm",
      "title": "Higher-order function",
      "attributes": {
        "text": "Higher-order functions are functions that either take other functions as arguments, return a function as a result, or both.\n",
        "tags": [
          "Higher-order function"
        ]
      },
      "meta": {
        "hash": "f7948fa3ad3524b004127eaf27cd023ce12a87b1d465e3f6e37af034d1239002"
      }
    },
    {
      "id": "Hoisting",
      "type": "glossaryTerm",
      "title": "Hoisting",
      "attributes": {
        "text": "Hoisting is JavaScript's default behavior of adding declarations to memory during the compile phase.\nHoisting allows for JavaScript variables to be used before the line they were declared on.\n",
        "tags": [
          "Hoisting"
        ]
      },
      "meta": {
        "hash": "7f45960c62541e01c3f7c28e75eb6e131272f81ff25d354031b2f0be1fb16ca4"
      }
    },
    {
      "id": "HTML",
      "type": "glossaryTerm",
      "title": "HTML",
      "attributes": {
        "text": "HTML stands for HyperText Markup Language and is a language used to structure web pages.\nHTML documents are plaintext documents structured with elements, which are surrounded by `<>` tags and optionally extended with attributes.\n",
        "tags": [
          "HTML"
        ]
      },
      "meta": {
        "hash": "e5e1a1dffda6d69ca6247f3a5e78e629d95a4ad80ef2bd23605556068d86f419"
      }
    },
    {
      "id": "HTTP-and-HTTPS",
      "type": "glossaryTerm",
      "title": "HTTP and HTTPS",
      "attributes": {
        "text": "The HyperText Transfer Protocol (HTTP) is the underlying network protocol that enables transfer of hypermedia documents on the Web, usually between a client and a server.\nThe HyperText Transfer Protocol Secure (HTTPS) is an encrypted version of the HTTP protocol, that uses SSL to encrypt all data transferred between a client and a server.\n",
        "tags": [
          "HTTP and HTTPS"
        ]
      },
      "meta": {
        "hash": "2c681c09ff405bc1c980151e4f1a3cfd54b415305bb6f3bcaf2b0cbcf9d05332"
      }
    },
    {
      "id": "Integer",
      "type": "glossaryTerm",
      "title": "Integer",
      "attributes": {
        "text": "Integers are one of the primitive data types in Javascript.\nThey represent a numerical value that has no fractional component.\n",
        "tags": [
          "Integer"
        ]
      },
      "meta": {
        "hash": "ca87340c4addebe9e1a4249fce62c0ef3e9d37505b2a834b95368c2d7250d2a8"
      }
    },
    {
      "id": "Integration-testing",
      "type": "glossaryTerm",
      "title": "Integration testing",
      "attributes": {
        "text": "Integration testing is a type of software testing, used to test groups of units/components of a software.\nThe purpose of integration tests are to validate that the units/components interact with each other as expected.\n",
        "tags": [
          "Integration testing"
        ]
      },
      "meta": {
        "hash": "f0cc0f86211a8f1ae66ea9be353f3c9adc0e56dec19579709ff6da3ebf388ace"
      }
    },
    {
      "id": "IP",
      "type": "glossaryTerm",
      "title": "IP",
      "attributes": {
        "text": "An IP address is a number assigned to a device connected to a network that uses the Internet protocol.\nTwo IP versions are currently in use - IPv4, the older version of the communication protocol (e.g. 192.168.1.100) and IPv6, the newest version of the communication protocol which allows for many different IP addresses (e.g. 0:0:0:0:ffff:c0a8:164).\n",
        "tags": [
          "IP"
        ]
      },
      "meta": {
        "hash": "e2812fdbe97a001ef10d72b95ffd9e4b4bdbe67e37ff7d1914eaea8583ae286c"
      }
    },
    {
      "id": "jQuery",
      "type": "glossaryTerm",
      "title": "jQuery",
      "attributes": {
        "text": "jQuery is a frontend JavaScript library, that simplifies DOM manipulation, AJAX calls and Event handling.\njQuery uses its globally defined function, `$()`, to select and manipulate DOM elements.\n",
        "tags": [
          "jQuery"
        ]
      },
      "meta": {
        "hash": "3b9ca98ed6c2c184e2e7bd30615fe3752c20d7c016afbf6673b005ee76d7aec4"
      }
    },
    {
      "id": "JSON",
      "type": "glossaryTerm",
      "title": "JSON",
      "attributes": {
        "text": "JSON (JavaScript Object Notation) is a format for storing and exchanging data.\nIt closely resembles the JavaScript object syntax, however some data types, such as dates and functions, cannot be natively represented and need to be serialized first.\n",
        "tags": [
          "JSON"
        ]
      },
      "meta": {
        "hash": "3e028e49f3eceb813e54013fb9bf05ef253efa4fa3034353c220cf28899952be"
      }
    },
    {
      "id": "MDN",
      "type": "glossaryTerm",
      "title": "MDN",
      "attributes": {
        "text": "MDN Web Docs, formerly known as Mozilla Developer Network, is the official Mozilla website for development documentation of web standards and Mozilla projects.\n",
        "tags": [
          "MDN"
        ]
      },
      "meta": {
        "hash": "61ae68cf3a3b1bbf43ffce76bdaa244fa0f5bc5dbdadcd4a06d5260f8dd3247a"
      }
    },
    {
      "id": "Module",
      "type": "glossaryTerm",
      "title": "Module",
      "attributes": {
        "text": "Modules are independent, self-contained pieces of code that can be incorporated into other pieces of code.\nModules improve maintainability and reusability of the code.\n",
        "tags": [
          "Module"
        ]
      },
      "meta": {
        "hash": "4e458b6078a1a91ed7da324aa1ac20cdbf290768aa395d3ab530d95238b7a05e"
      }
    },
    {
      "id": "MongoDB",
      "type": "glossaryTerm",
      "title": "MongoDB",
      "attributes": {
        "text": "MongoDB is a NoSQL database model that stores data in flexible, JSON-like documents, meaning fields can vary from document to document and data structure can be changed over time\n",
        "tags": [
          "MongoDB"
        ]
      },
      "meta": {
        "hash": "c7ca87020640f844151f9422b6c473afd99620b7483f90142040cc46ffb9a7a7"
      }
    },
    {
      "id": "Mutabe-value",
      "type": "glossaryTerm",
      "title": "Mutable value",
      "attributes": {
        "text": "Mutable value is a type of variable that can be changed once created.\nObjects are mutable as their state can be modified after they are created.\nPrimitive values are not mutable as we perform reassignment once we change them.\n",
        "tags": [
          "Mutable value"
        ]
      },
      "meta": {
        "hash": "64da7def1e95f7220ef3bbf14568350c8cbf6abe187a6f539a64f9fb2067aa5d"
      }
    },
    {
      "id": "MVC",
      "type": "glossaryTerm",
      "title": "MVC",
      "attributes": {
        "text": "MVC stands for Model-View-Controller and is a software design pattern, emphasizing separation of concerns (logic and display).\nThe Model part of the MVC pattern refers to the data and business logic, the View handles the layout and display, while the Controller routes commands to the model and view parts. \n",
        "tags": [
          "MVC"
        ]
      },
      "meta": {
        "hash": "9956f9ca2dab4c5d7370f3a6ed38abbf871b6f5c11ffef6449e3791aa5229420"
      }
    },
    {
      "id": "Node-js",
      "type": "glossaryTerm",
      "title": "Node.js",
      "attributes": {
        "text": "Node.js is a JavaScript runtime built on Chrome's V8 JavaScript engine.\nNode.js can execute JavaScript code outside of the browser and can be used to develop web backends or standalone applications.\n",
        "tags": [
          "Node.js"
        ]
      },
      "meta": {
        "hash": "e03cbfde15c9f4b7c74ee034ed37f3d78809bd1ec64e2fdb62d2bf9da4c3c3ab"
      }
    },
    {
      "id": "NoSQL",
      "type": "glossaryTerm",
      "title": "NoSQL",
      "attributes": {
        "text": "NoSQL databases provide a mechanism to create, update, retrieve and calculate data that is stored in models that are non-tabular.",
        "tags": [
          "NoSQL"
        ]
      },
      "meta": {
        "hash": "1f948ede88ba138f4ae41bcb694b2837e59e2427bfadf2a5b62773453db4664a"
      }
    },
    {
      "id": "Npm",
      "type": "glossaryTerm",
      "title": "Npm",
      "attributes": {
        "text": "Npm is a package manager for the JavaScript programming language and the default package manager for Node.js.\nIt consists of a command-line client and the npm registry, an online database of packages.\n",
        "tags": [
          "Npm"
        ]
      },
      "meta": {
        "hash": "49873aab20ab7019d8253e102d9623f086558d464241f821ed6d3de67aa0a15c"
      }
    },
    {
      "id": "Object-oriented-programming",
      "type": "glossaryTerm",
      "title": "Object-oriented programming",
      "attributes": {
        "text": "Object-oriented programming (OOP) is a programming paradigm based on the concept of objects, which may contain both data and procedures which can be use to operate on them.\nJavaScript supports Object-oriented programming both via prototypes and classes.\n",
        "tags": [
          "Object-oriented programming"
        ]
      },
      "meta": {
        "hash": "501ba8d90343d16c419320e6896196c38e7b9b14e893ef96617f8bb108931b19"
      }
    },
    {
      "id": "Object",
      "type": "glossaryTerm",
      "title": "Object",
      "attributes": {
        "text": "Objects are data structures that contain data and instructions for working with the data.\nObjects consist of key-value pairs, where the keys are alphanumeric identifiers and the values can either be primitives or objects.\nJavaScript functions are also objects.\n",
        "tags": [
          "Object"
        ]
      },
      "meta": {
        "hash": "18066e6dbd116c3c589457fb5cef16b9a5728a87a4a096d91aa436c8e3aafdf4"
      }
    },
    {
      "id": "Prepared-statements",
      "type": "glossaryTerm",
      "title": "Prepared statements",
      "attributes": {
        "text": "In databases management systems, prepared statements are templates that can be used to execute queries with the provided values substituting the template's parameters.\nPrepared statements offer many benefits, such as reusability, maintainability and higher security.\n",
        "tags": [
          "Prepared statements"
        ]
      },
      "meta": {
        "hash": "5720bf41b264de168f79f6a5a4bd2bfb3e34e0bf14668e41d3473047fe606309"
      }
    },
    {
      "id": "Promise",
      "type": "glossaryTerm",
      "title": "Promise",
      "attributes": {
        "text": "The Promise object represents the eventual completion (or failure) of an asynchronous operation, and its resulting value.\nA Promise can be in one of these states: pending(initial state, neither fulfilled nor rejected), fulfilled(operation completed successfully), rejected(operation failed).\n",
        "tags": [
          "Promise"
        ]
      },
      "meta": {
        "hash": "ae5316c9f0178c362ae59e5c48d8e2bfca4bb4651e25696c16e7550851220251"
      }
    },
    {
      "id": "Prototype-based-programming",
      "type": "glossaryTerm",
      "title": "Prototype-based programming",
      "attributes": {
        "text": "Prototype-based programming is a style of object-oriented programming, where inheritance is based on object delegation, reusing objects that serve as prototypes.\nPrototype-based programming allows the creation of objects before defining their classes.\n",
        "tags": [
          "Prototype-based programming"
        ]
      },
      "meta": {
        "hash": "6a8d442044c67422c03c6e2d996380632d589c932b7d8bda1481196de230e83f"
      }
    },
    {
      "id": "Pseudo-class",
      "type": "glossaryTerm",
      "title": "Pseudo-class",
      "attributes": {
        "text": "In CSS, a pseudo-class is used to define a special state of an element and can be used as a selector in combination with an id, element or class selector.\n",
        "tags": [
          "Pseudo-class"
        ]
      },
      "meta": {
        "hash": "eb4de09ddad1a858923ec46b6b7fb4fd2ec04631ce53054fe3320e25b70650f4"
      }
    },
    {
      "id": "Pseudo-element",
      "type": "glossaryTerm",
      "title": "Pseudo-element",
      "attributes": {
        "text": "In CSS, a pseudo-element is used to style specific parts of an element and can be used as a selector in combination with an id, element or class selector.\n",
        "tags": [
          "Pseudo-element"
        ]
      },
      "meta": {
        "hash": "101704381209b0f0949dfe98c63a412dfc22736fb9b68adba02aaac76f97f606"
      }
    },
    {
      "id": "PWA",
      "type": "glossaryTerm",
      "title": "PWA",
      "attributes": {
        "text": "Progressive Web App (known as PWA) is a term used to describe web applications that load like regular websites but can offer the user functionality such as working offline, push notifications, and device hardware access that were traditionally available only to native mobile applications.\n",
        "tags": [
          "PWA"
        ]
      },
      "meta": {
        "hash": "ccf2722f73b32d2693b0cb050ab611f86539ce1ec620af3b277e00042e7e4402"
      }
    },
    {
      "id": "React",
      "type": "glossaryTerm",
      "title": "React",
      "attributes": {
        "text": "React is a frontend framework, that allows developers to create dynamic, component-based user interfaces.\nReact separates view and state, utilizing a virtual DOM to update the user interface.\n",
        "tags": [
          "React"
        ]
      },
      "meta": {
        "hash": "4a988d97fc5256e61d4c50677b4a78ffb17a34538b34e4bbba96a8ef1638c117"
      }
    },
    {
      "id": "Recursion",
      "type": "glossaryTerm",
      "title": "Recursion",
      "attributes": {
        "text": "Recursion is the repeated application of a process. \nIn JavaScript, recursion involves functions that call themselves repeatedly until they reach a base condition. \nThe base condition breaks out of the recursion loop because otherwise the function would call itself indefinitely. \nRecursion is very useful when working with nested data, especially when the nesting depth is dynamically defined or unkown.\n",
        "tags": [
          "Recursion"
        ]
      },
      "meta": {
        "hash": "8ccde135a72db896bd889ea27843eb9368d2a0874726aa7a2af67b30c1c57185"
      }
    },
    {
      "id": "Regular-expressions",
      "type": "glossaryTerm",
      "title": "Regular expressions",
      "attributes": {
        "text": "Regular expressions (known as regex or regexp) are patterns used to match character combinations in strings.\nJavaScript provides a regular expression implementation through the `RegExp` object.\n",
        "tags": [
          "Regular expressions"
        ]
      },
      "meta": {
        "hash": "657233cddce674de187be8e93e1c8b6e38c405505b1266ca1f3fb35b965e1df2"
      }
    },
    {
      "id": "Repository",
      "type": "glossaryTerm",
      "title": "Repository",
      "attributes": {
        "text": "In a version control system, a repository (or repo for short) is a data structure that stores metadata for a set of files (i.e. a project).\n",
        "tags": [
          "Repository"
        ]
      },
      "meta": {
        "hash": "b70059738193173e8ef6003dbd1b751d1c77921ac1b09f372fb0140c9356aab1"
      }
    },
    {
      "id": "Responsive-web-design",
      "type": "glossaryTerm",
      "title": "Responsive web design",
      "attributes": {
        "text": "Responsive web design is a web development concept aiming to provide optimal behavior and performance of websites on all web-enabled devices.\nResponsive web design is usually coupled with a mobile-first approach.\n",
        "tags": [
          "Responsive web design"
        ]
      },
      "meta": {
        "hash": "489ab55187ce67a6138db4c0e2606dbe808624effb398ac3a18edde27c16a868"
      }
    },
    {
      "id": "Scope",
      "type": "glossaryTerm",
      "title": "Scope",
      "attributes": {
        "text": "Each function has its own scope, and any variable declared within that function is only accessible from that function and any nested functions.\n",
        "tags": [
          "Scope"
        ]
      },
      "meta": {
        "hash": "e44cc3eaa39955a9044b5970b515287a4df2cf07599c9e55ad1ae4defbcc2229"
      }
    },
    {
      "id": "Selector",
      "type": "glossaryTerm",
      "title": "Selector",
      "attributes": {
        "text": "A CSS selector is a pattern that is used to select and/or style one or more elements in a document, based on certain rules.\nThe order in which CSS selectors apply styles to elements is based on the rules of CSS specificity.\n",
        "tags": [
          "Selector"
        ]
      },
      "meta": {
        "hash": "f17eb23b5bda4e18a346a107b8dfcb8fe2ae1b0ce325657ed6b505f3c756be3b"
      }
    },
    {
      "id": "SEO",
      "type": "glossaryTerm",
      "title": "SEO",
      "attributes": {
        "text": "SEO stands for Search Engine Optimization and refers to the process of improving a website's search rankings and visibility.\n",
        "tags": [
          "SEO"
        ]
      },
      "meta": {
        "hash": "1927b7df02d9e99369401756b6af641c68aa79e71f0e42afe5ccf812dae41709"
      }
    },
    {
      "id": "Serialization",
      "type": "glossaryTerm",
      "title": "Serialization",
      "attributes": {
        "text": "Serialization is the process of converting an object or data structure into a format suitable for transfer over a network and/or storage.\nA common type of serialization in JavaScript is the conversion of an object into a JSON string.\n",
        "tags": [
          "Serialization"
        ]
      },
      "meta": {
        "hash": "a91560cd1d2f68017e8ce5566b2a01e73201eaad0e79568e3b83d028ec29a45f"
      }
    },
    {
      "id": "ShadowDOM",
      "type": "glossaryTerm",
      "title": "Shadow DOM",
      "attributes": {
        "text": "Shadow DOM allows you to attach hidden DOM trees to elements in the normal DOM tree, which are included in the document rendering, but excluded from the main document DOM tree. \nA shadow DOM tree will start with a shadow root, to which you can attach any elements you want, just like in a regular DOM.\nExamples of shadow DOM uses are the `<video>`/`<audio>` elements and the simple `<input type=\"range\">` element.\n",
        "tags": [
          "Shadow DOM"
        ]
      },
      "meta": {
        "hash": "cd2e898c927ba74fa82f23d7d307af836931c37376470431b42b7a5c01144daf"
      }
    },
    {
      "id": "SQL-injection",
      "type": "glossaryTerm",
      "title": "SQL injection",
      "attributes": {
        "text": "SQL injection is a code injection technique, used to attack data-driven applications.\nSQL injections get their name from the SQL language and mainly target data stored in relational databases.\n",
        "tags": [
          "SQL injection"
        ]
      },
      "meta": {
        "hash": "904a3d4e0278e6947dffde8d292d8f2e8240ccb804fa68e0828e34dd9dc18944"
      }
    },
    {
      "id": "SQL",
      "type": "glossaryTerm",
      "title": "SQL",
      "attributes": {
        "text": "SQL stands for Structured Query Language and is a language used to create, update, retrieve and calculate data in table-based databases.\nSQL databases use a relational database model and are particularly useful in handlind structured data with relations between different entities.\n",
        "tags": [
          "SQL"
        ]
      },
      "meta": {
        "hash": "b8b7d7ab34f8ef4ec90a4c9f6801f3d5a7f79458b24b19054d546e87d1a8492c"
      }
    },
    {
      "id": "SSL",
      "type": "glossaryTerm",
      "title": "SSL",
      "attributes": {
        "text": "Secure Sockets Layer, commonly known as SSL or TLS, is a set of protocols and standards for transferring private data across the Internet.\nSSL uses a cryptographic system that uses two keys to encrypt data.\n",
        "tags": [
          "SSL"
        ]
      },
      "meta": {
        "hash": "7427cc55336c55eae8075ffca72b387cc3ff71bd5816bb3353fbf4b6adef5b57"
      }
    },
    {
      "id": "Stream",
      "type": "glossaryTerm",
      "title": "Stream",
      "attributes": {
        "text": "A stream is a sequence of data made available over time, often due to network transmission or storage access times.\n",
        "tags": [
          "Stream"
        ]
      },
      "meta": {
        "hash": "fd1d5d006310c33063503ff8d67f262707858660091b21095d44950f33714e31"
      }
    },
    {
      "id": "Strict-mode",
      "type": "glossaryTerm",
      "title": "Strict mode",
      "attributes": {
        "text": "JavaScript's strict mode is a JavaScript feature that allows developers to use a more restrictive variant of JavaScript and it can be enabled by adding `'use strict';` at the very top of their code.\nStrict mode elimiated some silent errors, might improve performance and changes the behavior of `eval` and `arguments` among other things.\n",
        "tags": [
          "Strict mode"
        ]
      },
      "meta": {
        "hash": "0d9dd1eb69be5a77576f7d0ce4ab36297ecd5390e3da5981abc752226d1684b6"
      }
    },
    {
      "id": "String",
      "type": "glossaryTerm",
      "title": "String",
      "attributes": {
        "text": "Strings are one of the primitive data types in JavaScript.\nThey are sequences of characters and are used to represent text.\n",
        "tags": [
          "String"
        ]
      },
      "meta": {
        "hash": "56438a14183c585f0b4c01f8a1ecae54dd2806ea9e6667c8f1636923cfe573a1"
      }
    },
    {
      "id": "SVG",
      "type": "glossaryTerm",
      "title": "SVG",
      "attributes": {
        "text": "SVG stands for Scalable Vector Graphics and is a 2D vector image format based on an XML syntax.\nSVG images can scale infinitely and can utilize clipping, masking, filters, animations etc.\n",
        "tags": [
          "SVG"
        ]
      },
      "meta": {
        "hash": "592306f78398a053a2a117962e5465fbfd098ca5f66240db78799decb6178ae0"
      }
    },
    {
      "id": "Template-literals",
      "type": "glossaryTerm",
      "title": "Template literals",
      "attributes": {
        "text": "Template literals are strings that allow embedded expressions.\nThey support multi-line strings, expression interpolation and nesting.\n",
        "tags": [
          "Template literals"
        ]
      },
      "meta": {
        "hash": "f52184fa97f6306fc9501564705022763798ab154c066ee46433d1c4be6aebb8"
      }
    },
    {
      "id": "TypeScript",
      "type": "glossaryTerm",
      "title": "TypeScript",
      "attributes": {
        "text": "TypeScript is a superset of JavaScript, adding optional static typing to the language.\nTypeScript compiles to plain JavaScript.\n",
        "tags": [
          "TypeScript"
        ]
      },
      "meta": {
        "hash": "d118d7eee09cda42ea03766fc8177e339c256ae5e79d94e48e87f487d51503f8"
      }
    },
    {
      "id": "Unit-testing",
      "type": "glossaryTerm",
      "title": "Unit testing",
      "attributes": {
        "text": "Unit testing is a type of software testing, used to test individual units/components of a software.\nThe purpose of unit tests are to validate that each individual unit/component performs as designed.\n",
        "tags": [
          "Unit testing"
        ]
      },
      "meta": {
        "hash": "8581444cfe757b6d9887743a456a087d2eb1549e1460218e8235cb85a3d46035"
      }
    },
    {
      "id": "URI",
      "type": "glossaryTerm",
      "title": "URI",
      "attributes": {
        "text": "URI stands for Uniform Resource Identifier and is a text string referring to a resource.\nA common type of URI is a URL, which is used for the identification of resources on the Web.\n",
        "tags": [
          "URI"
        ]
      },
      "meta": {
        "hash": "62ecaae6452a7a185c56c884f2da30c8d9772a0cfbf5194eabe8df1c295e38a6"
      }
    },
    {
      "id": "URL",
      "type": "glossaryTerm",
      "title": "URL",
      "attributes": {
        "text": "URL stands for Uniform Resource Locator and is a text string specifying where a resource can be found on the Internet.\nIn the HTTP protocol, URLs are the same as web addresses and hyperlinks.\n",
        "tags": [
          "URL"
        ]
      },
      "meta": {
        "hash": "1d7a7abda34fb0a8217183729bab2f9a61e6da3113f6c50515abecfe472ea7fe"
      }
    },
    {
      "id": "UTF-8",
      "type": "glossaryTerm",
      "title": "UTF-8",
      "attributes": {
        "text": "UTF-8 stands for UCS Transformation Format 8 and is a commonly used character encoding.\nUTF-8 is backwards compatible with ASCII and can represent any standard Unicode character.\n",
        "tags": [
          "UTF-8"
        ]
      },
      "meta": {
        "hash": "16b9a3620acf34ce96bb78741c7015a7f0c2d0be84cb130466afc6e4bc4a7032"
      }
    },
    {
      "id": "Value-vs-reference",
      "type": "glossaryTerm",
      "title": "Value vs reference",
      "attributes": {
        "text": "When passing a variable by value, a copy of the variable is made, meaning that any changes made to the contents of the variable will not be reflected in the original variable.\nWhen passing a variable by reference, the memory address of the actual variable is passed to the function or variable, meaning that modifying the variable's contents will be reflected in the original variable.\nIn JavaScript primitive data types are passed by value while objects are passed by reference.\n",
        "tags": [
          "Value vs reference"
        ]
      },
      "meta": {
        "hash": "a297da2dae0f7339a75301e2511479c9d092bf81bf34974efddfe69272fd03b9"
      }
    },
    {
      "id": "Variable",
      "type": "glossaryTerm",
      "title": "Variable",
      "attributes": {
        "text": "A variable is a storage location, associated with an identifier and containing a value.\nThe value of a variable can be referred using the identifier and can be altered during execution.\n",
        "tags": [
          "Variable"
        ]
      },
      "meta": {
        "hash": "8b6be0370cdada1c2e803b26158f43221acc93a2230ae7830cada43ac4f9373a"
      }
    },
    {
      "id": "Viewport",
      "type": "glossaryTerm",
      "title": "Viewport",
      "attributes": {
        "text": "A viewport is a polygonal (usually rectangular) area in computer graphics that is currently being viewed.\nIn web development and design, it refers to the visible part of the document that is being viewed by the user in the browser window.\n",
        "tags": [
          "Viewport"
        ]
      },
      "meta": {
        "hash": "a7ba762d239435eac955eaf586afd973db0c71a64705bda133044288a71cc031"
      }
    },
    {
      "id": "Vue",
      "type": "glossaryTerm",
      "title": "Vue",
      "attributes": {
        "text": "Vue.js is a progressive frontend framework for building user interfaces.\nVue.js separates view and state, utilizing a virtual DOM to update the user interface.\n",
        "tags": [
          "Vue"
        ]
      },
      "meta": {
        "hash": "d8327733f4308d6aba5a3ae3df1576cef507075c00df88ef8ad472260b41108c"
      }
    },
    {
      "id": "WebAssembly",
      "type": "glossaryTerm",
      "title": "WebAssembly",
      "attributes": {
        "text": "WebAssembly (WA) is a web standard that defines an assembly-like text format and corresponding binary format for executalbe code in web pages.\nWebAssembly is meant to complement JavaScript and improve its performance to match native code performance.\n",
        "tags": [
          "WebAssembly"
        ]
      },
      "meta": {
        "hash": "58083342d74f354e79a34470f880ad05dea22ec538f2d9f59b15c17a2694dc99"
      }
    },
    {
      "id": "WebComponents",
      "type": "glossaryTerm",
      "title": "Web Components",
      "attributes": {
        "text": "Web Components are a set of web platform APIs that allow you to create new custom, reusable, encapsulated HTML tags to use on web pages and apps.\nBuilding custom components using these standards means that you can use them across modern browsers regardless of any JavaScript library or framework.\n",
        "tags": [
          "Web Components"
        ]
      },
      "meta": {
        "hash": "8d774423c630890285830ca99d32e150c00fb517aa93ec30cf8cbdcd3f10657f"
      }
    },
    {
      "id": "WebGL",
      "type": "glossaryTerm",
      "title": "WebGL",
      "attributes": {
        "text": "WebGL stands for Web Graphics Library and is a JavaScript API that can be used for drawing interactive 2D and 3D graphics.\nWebGL is based on OpenGL and can be invoked within HTML `<canvas>` elements, which provide a rendering surface.\n",
        "tags": [
          "WebGL"
        ]
      },
      "meta": {
        "hash": "61a25e70c3e7d4b0a9d9475ff53dc4d1091b110a43e511427e12a0bba9392e01"
      }
    },
    {
      "id": "WebRTC",
      "type": "glossaryTerm",
      "title": "WebRTC",
      "attributes": {
        "text": "WebRTC  stands for Web Real-Time Communication and is an API that can be used for video-chat, voice-calling and P2P-file-sharing web apps.\n",
        "tags": [
          "WebRTC"
        ]
      },
      "meta": {
        "hash": "082acd9ef41f1264fe2ac92e94b13a89cee1560030875f23853fcb69582142a6"
      }
    },
    {
      "id": "WebSockets",
      "type": "glossaryTerm",
      "title": "WebSockets",
      "attributes": {
        "text": "WebSockets is a protocol that allows for a persistent client-server TCP connection.\nThe WebSocket protocol uses lower overheads, facilitating real-time data transfer between client and server.\n",
        "tags": [
          "WebSockets"
        ]
      },
      "meta": {
        "hash": "df2ab9779e0379c88ccba56702720cb1658754918a84fbbcd022176544fa5444"
      }
    },
    {
      "id": "XHTML",
      "type": "glossaryTerm",
      "title": "XHTML",
      "attributes": {
        "text": "XHTML stands for EXtensible HyperText Markup Language and is a language used to structure web pages.\nXHTML is a reformulation of the HTML document structure as an application of XML.\n",
        "tags": [
          "XHTML"
        ]
      },
      "meta": {
        "hash": "6074990eb1d04f79808ad2f4f3ddfe86f6e8546303e003c38ebe96779fde51f1"
      }
    },
    {
      "id": "XML",
      "type": "glossaryTerm",
      "title": "XML",
      "attributes": {
        "text": "XML stands for eXtensible Markup Language and is a generic markup language specified by the W3C. \nXML documents are plaintext documents structured with user-defined tags, surrounded by `<>` and optionally extended with attributes.\n",
        "tags": [
          "XML"
        ]
      },
      "meta": {
        "hash": "5c3c48bd06510d0971f48983872243787a33f2adfb8d9aca5f7b6ad9d776efbf"
      }
    },
    {
      "id": "Yarn",
      "type": "glossaryTerm",
      "title": "Yarn",
      "attributes": {
        "text": "Yarn is a package manager made by Facebook. \nIt can be used as an alternative to the npm package manager and is compatible with the public NPM registry.\n",
        "tags": [
          "Yarn"
        ]
      },
      "meta": {
        "hash": "c3ad71d08e76e152fc37aa5e63db9f35d0dc2c4ffc12810df9c82f92f98354ca"
      }
    }
  ],
  "meta": {
    "specification": "http://jsonapi.org/format/",
    "type": "glossaryTermArray",
    "scope": "./glossary"
  }
}